undefinedid,name,crossStreets,phone,address,city,state,zip,location,sub_location,brand,lat,lng
49657,1 Brooklyn Bridge,Near Pier 1,(877) 803-1111,60 Furman Street,Brooklyn,NY,11201,Brooklyn,Brooklyn,,40.70229,-73.99558
64409,1 Hotel Central Park,,(305) 604-1000,1414 Avenue of the Americas,New York,NY,10019,,,,40.76476,-73.97654
28610,11 Howard,Lafayette St btwn Canal and Howard,(212) 235-1111,11 Howard Street,New York,NY,10013,Manhattan,Between Canal and 14th,InterContinental,40.71916,-74.00026
64414,50 Bowery,,(212) 508-8000,50 Bowery,New York,NY,10013,,,,40.71605,-73.9971
28529,50 NYC,East 50th St btwn Lexington and Third Ave,(212) 751-5710,155 East 50th Street,New York,NY,10022,Manhattan,Midtown East - Between 34th and 59th on East Side,Denihan,40.75609,-73.97108
28506,6 Columbus,Columbus Circle at Eighth Ave,(212) 204-3000,6 Columbus Circle,New York,NY,10019,Manhattan,Midtown West - Between 34th and 59th on West Side,Thompson,40.76757,-73.98318
28620,Ace,,(212) 679-2222,20 West 29th Street,New York,NY,10001,Manhattan,Between 14th and 34th,,40.74574,-73.98826
28471,Affinia Gardens,East 64th St btwn Second and Third Avenue,(212) 355-1230,215 East 64th Street,New York,NY,10065,Manhattan,Upper East Side - Above 59th on East Side,Denihan,40.76442,-73.96303
28575,Affinia Shelburne,Lexington Avenue btwn East 37th and 38th St,(212) 689-5200,303 Lexington Avenue,New York,NY,10016,Manhattan,Midtown East - Between 34th and 59th on East Side,Denihan,40.74844,-73.97804
64384,AKA Tribeca,On West Broadway between Chambers St./Warren St.,(212) 587-7000,85 West Broadway,New York,NY,10007,,,,40.71522,-74.00913
28633,Algonquin,West 44th St btwn Fifth and Sixth Ave,(212) 840-6800,59 West 44th Street,New York,NY,10036,Manhattan,Upper East Side - Above 59th on East Side,Marriott,40.75601,-73.98228
28635,Aloft Harlem,,(212) 749-4000,2296 Frederick Douglass Boulevard,New York,NY,10027,Manhattan,Upper West Side - Above 59th on West Side,Starwood,40.80913,-73.95146
28567,Americana Inn,West 38th St btwn Fifth and Sixth Ave,(212) 840-2019,69 West 38th Street,New York,NY,10018,Manhattan,Midtown West - Between 34th and 59th on West Side,Empire,40.75229,-73.98555
28540,Andaz 5th Avenue,,(212) 601-1234,485 5th Avenue,New York,NY,10017,Manhattan,Midtown East - Between 34th and 59th on East Side,Hyatt,40.75283,-73.98095
28618,Andaz Wall Street,,(212) 590-1234,75 Wall Street,New York,NY,10005,Manhattan,Below Canal,Hyatt,40.70517,-74.00802
28462,Arthouse,Broadway btwn West 77th and 78th St,(212) 362-1100,2178 Broadway,New York,NY,10024,Manhattan,Upper West Side - Above 59th on West Side,,40.78222,-73.98059
28589,Avalon,East 32nd St btwn Fifth and Madison Ave,(212) 299-7000,16 East 32nd Street,New York,NY,10016,Manhattan,Between 14th and 34th,,40.74657,-73.98461
49653,Baccarat,,(212) 790-8800,28 West 53rd Street,New York,NY,10019,Manhattan,Midtown West - Between 34th and 59th on West Side,Starwood,40.7609,-73.97738
28476,Beacon,Broadway btwn 74th and 75th street,(212) 787-1100,2130 Broadway,New York,NY,10023,Manhattan,Upper West Side - Above 59th on West Side,,40.78069,-73.98104
57049,Beekman,,(212) 233-2300,123 Nassau Street,New York,NY,10038,Manhattan,Below Canal,,40.71117,-74.0067
28527,Belleclaire,West 77th St btwn Broadway and West End Avenue,(212) 362-7700,250 West 77th Street,New York,NY,10024,Manhattan,Upper West Side - Above 59th on West Side,,40.78247,-73.98133
28553,Belvedere,West 48th St btwn Eighth and Ninth Ave,(212) 245-7000,319 West 48th Street,New York,NY,10036,Manhattan,Midtown West - Between 34th and 59th on West Side,Empire,40.76175,-73.98819
28528,Benjamin,East 50th St btwn Second and Third Ave,(212) 715-2500,125 East 50th Street,New York,NY,10022,Manhattan,Midtown East - Between 34th and 59th on East Side,,40.75664,-73.97196
28433,Best Western Albany Airport,,(518) 458-1000,200 Wolf Road,Albany,NY,12203,New York State Capital Region,Albany,Best Western,42.72503,-73.80018
28611,Best Western Bowery Hanbee,,(212) 925-1177,231 Grand Street,New York,NY,10013,Manhattan,Between Canal and 14th,Best Western,40.71842,-73.99518
64381,Bowery,Bowery btwn East 3rd and 2nd St,(212) 505-9100,335 Bowery,New York,NY,10003,,,,40.72602,-73.99147
28642,Cachet Boutique,,(212) 947-2999,510 West 42nd Street,New York,NY,10036,Manhattan,Midtown West - Between 34th and 59th on West Side,,40.75977,-73.99646
28625,Candlewood Suites Jersey City,,(201) 659-2500,21 Second Street,Jersey City,NJ,7302,New Jersey,Northern New Jersey,,40.72095,-74.03437
64378,Candlewood Suites Nanuet Rockland County,,(845) 371-4445,20 Overlook Boulevard,Nanuet,NY,10954,,,,41.10688,-74.0273
28626,Candlewood Suites Parsippany Morris Plains,,(973) 984-9960,100 Candlewood Dr,Morris Plains,NJ,7950,New Jersey,Northern New Jersey,JW Marriot,40.84741,-74.47221
28467,Carlyle,East 76th St btwn Park and Madison Ave,(212) 744-1600,35 East 76th Street,New York,NY,10021,Manhattan,Upper East Side - Above 59th on East Side,,40.77442,-73.96316
57060,Cassa Times Square Hotel &amp; Residences,,(212) 920-2020,515 9th Avenue,New York,NY,10018,Manhattan,Midtown West - Between 34th and 59th on West Side,,40.7565,-73.99449
64390,Centerplate,,(518) 584-6200,267 Union Avenue,Saratoga Springs,NY,12866,,,,43.07397,-73.76798
28622,Chatwal,,(212) 764-6200,130 West 44th St,New York,NY,10036,Manhattan,Midtown West - Between 34th and 59th on West Side,,40.75648,-73.98457
64319,Chelsea,West 23rd St btwn Seventh and Eighth Ave,(212) 243-3700,222 West 23rd Street,New York,NY,10011,,,,40.74433,-73.99687
38767,Concorde,,(212) 355-2755,127 East 55th Street,New York,NY,10022,Manhattan,Midtown East - Between 34th and 59th on East Side,,40.76001,-73.97041
28492,Conrad Midtown,West 54th St btwn Sixth and Seventh Ave,(212) 307-5000,151 West 54th Street,New York,NY,10019,Manhattan,Midtown West - Between 34th and 59th on West Side,,40.76344,-73.98054
28616,Conrad New York,North End Ave at Vesey St,(212) 945-0100,102 North End Avenue,New York,NY,10282,Manhattan,Below Canal,Hilton,40.71505,-74.01556
28629,Courtyard by Marriott Herald Square,,(212) 239-4569,71 West 35th St,New York,NY,10001,Manhattan,Midtown East - Between 34th and 59th on East Side,,40.75039,-73.98681
28582,Courtyard Fifth Avenue,East 40th St btwn Madison and Fifth Ave,(212) 447-1500,3 East 40th Street,New York,NY,10016,Manhattan,Midtown East - Between 34th and 59th on East Side,Marriott,40.75208,-73.98109
28631,Courtyard Marriott Chelsea,,(212) 967-6000,135 W 30th St,New York,NY,10001,Manhattan,Between 14th and 34th,Marriott,40.7482,-73.99123
49661,Courtyard Midtown East,Third Avenue btwn East 52nd and East 53rd St,(212) 644-1300,866 Third Avenue,New York,NY,10022,Manhattan,Midtown East - Between 34th and 59th on East Side,,40.75744,-73.96989
32253,Courtyard Newark Downtown,,(973) 848-0070,858 Broad Street,Newark,NJ,7102,New Jersey,Northern New Jersey,,40.73351,-74.17294
57048,Courtyard Newark Elizabeth,,(908) 436-9800,87 Glimcher Realty Way,Elizabeth,NJ,7201,New Jersey,Northern New Jersey,,40.66283,-74.17835
32250,Courtyard Newark Liberty International Airport,,(973) 643-8500,600 U.S. 1 &amp; 9,Newark,NJ,7114,New Jersey,Northern New Jersey,,40.70913,-74.17259
28555,Courtyard Times Square South,West 40th St btwn Sixth Ave and Broadway,(212) 391-0088,114 West 40th Street,New York,NY,10018,Manhattan,Midtown West - Between 34th and 59th on West Side,Marriott,40.75356,-73.98623
28465,Courtyard Upper East Side,East 92nd St btwn 1 Ave and FDR Drive,(212) 410-6777,410 East 92nd Street,New York,NY,10128,Manhattan,Upper East Side - Above 59th on East Side,Marriott,40.78017,-73.94592
28643,Courtyard/Residence Inn Central Park,,(212) 324-3773,1717 Broadway,New York,NY,10019,Manhattan,Midtown West - Between 34th and 59th on West Side,,40.76443,-73.98276
64418,Crowne Plaza HY36 Midtown Manhattan,,(646) 928-3800,320 West 36th Street,New York,NY,10018,,,,40.75377,-73.99375
28485,Crowne Plaza Times Square,Broadway btwn 48th and 49th streets,(212) 977-4000,1605 Broadway,New York,NY,10019,Manhattan,Midtown West - Between 34th and 59th on West Side,InterContinental,40.76063,-73.98525
64373,Del Lago Resort and Casino,,(315) 946-1777,1133 Route 414,Waterloo,NY,13165,,,,42.96945,-76.84599
64399,Delta Hotels by Marriott Woodbridge,,(732) 634-3600,515 US Hwy 1 S,Iselin,NJ,8830,,,,40.55716,-74.31123
28430,Desmond Hotel &amp; Conference Center,,(518) 869-8100,660 Albany Shaker Road,Albany,NY,12211,New York State Capital Region,Albany,,42.72814,-73.79908
28612,Dominick,,(212) 842-5500,246 Spring Street,New York,NY,10013,Manhattan,Between Canal and 14th,,40.7253,-74.00552
28453,DoubleTree by Hilton Newark Penn Station,,(973) 622-5000,Gateway Center - 1048 Raymond Blvd,Newark,NJ,7102,New Jersey,Northern New Jersey,Hilton,40.73542,-74.16537
28548,Doubletree Guest Suites Times Square,Broadway btwn West 46th and 47th St,(212) 719-1600,1568 Broadway,New York,NY,10036,Manhattan,Midtown West - Between 34th and 59th on West Side,Hilton,40.75891,-73.98442
57052,Doubletree Jersey City,,(201) 499-2400,455 Washington Blvd,Jersey City,NJ,7310,New Jersey,Northern New Jersey,,40.72366,-74.03658
28515,Doubletree Metropolitan,Lexington Ave btwn East 50th and 51st St,(212) 752-7000,569 Lexington Avenue,New York,NY,10022,Manhattan,Midtown East - Between 34th and 59th on East Side,Hilton,40.75692,-73.97186
38769,Dream Downtown,,(212) 229-2559,355 West 16th Street,New York,NY,10011,Manhattan,Between 14th and 34th,Wyndham,40.74233,-74.00348
28500,Dream Midtown,West 55th St btwn Broadway and Seventh Ave,(212) 247-2000,210 West 55th Street,New York,NY,10019,Manhattan,Midtown West - Between 34th and 59th on West Side,Wyndham,40.7644,-73.98195
28543,Edison,West 47th St btwn Seventh and Eighth Ave,(212) 840-5000,228 West 47th Street,New York,NY,10036,Manhattan,Midtown West - Between 34th and 59th on West Side,,40.75974,-73.98615
28536,Elysee,East 54th Street btwn Park and Madison Ave,(212) 753-1066,60 East 54th Street,New York,NY,10022,Manhattan,Midtown East - Between 34th and 59th on East Side,,40.75989,-73.97321
28647,Embassy Suites Parsippany,,(973) 334-1440,909 Parsippany Boulevard,Parsippany,NJ,7054,New Jersey,Northern New Jersey,,40.87388,-74.42206
28648,Embassy Suites Secaucus - Meadowlands,,(201) 864-7300,455 Plaza Drive,Secaucus,NJ,7094,New Jersey,Northern New Jersey,,40.78837,-74.04333
28480,Empire,West 63rd St btwn Broadway and Columbus Ave,(212) 265-7400,44 West 63rd Street,New York,NY,10023,Manhattan,Upper West Side - Above 59th on West Side,,40.77137,-73.98268
64417,Empire City Casino at Yonkers Raceway,,(914) 968-4200,810 Yonkers Avenue,Yonkers,NY,10704,,,,40.91942,-73.86473
57059,EnVue Port Imperial Weehawken,,,550 Avenue at Port Imperial,Weehawken,NJ,7086,New Jersey,Northern New Jersey,,40.77725,-74.01089
64431,Equinox,Hudson Yards,,35 Hudson Yards,New York,NY,10001,,,,40.75462,-74.00231
32252,Evelyn,East 27th St btwn Fifth and Madison Ave,(212) 545-8000,7 East 27th Street,New York,NY,10016,Manhattan,Between 14th and 34th,,40.74395,-73.98697
49655,EVEN Hotel Brooklyn,,(718) 552-3800,46 Nevins Street,Brooklyn,NY,11217,Brooklyn,Brooklyn,IHG,40.68767,-73.9817
28654,EVEN Hotel New York Times Square South,,(212) 356-0034,321 West 35th Street,New York,NY,10001,Manhattan,Midtown West - Between 34th and 59th on West Side,,40.75347,-73.99384
49656,EVEN Midtown East,,(212) 239-0002,221 East 44th Street,New York,NY,10017,Manhattan,Midtown East - Between 34th and 59th on East Side,IHG,40.75184,-73.97238
28607,Eventi,,(212) 564-4567,851 Ave of the Americas,New York,NY,10001,Manhattan,Between 14th and 34th,Kimpton,40.74721,-73.98992
28464,Excelsior,West 81 St btwn Central Park West and Columbus Ave,(212) 362-9200,45 West 81st Street,New York,NY,10024,Manhattan,Upper West Side - Above 59th on West Side,,40.78316,-73.97371
28436,Fairfield Inn &amp; Suites Albany Downtown,,(518) 434-7410,74 State Street,Albany,NY,12207,New York State Capital Region,Albany,Choice,42.64916,-73.75245
64387,Fairfield Inn &amp; Suites Brooklyn,,212-421-8900,181 Third Avenue,Brooklyn,NY,11217,,,,40.68059,-73.9836
28459,Fairfield Inn &amp; Suites Paramus,,(201) 262-6900,601 From Road,Paramus,NJ,7652,New Jersey,Northern New Jersey,InterContinental,40.96006,-74.06719
49659,Fairfield Inn &amp; Suites Parsippany,,(973) 263-0095,3535 US Hwy 46,Parsippany,NJ,7054,New Jersey,Northern New Jersey,,40.87495,-74.4385
28532,Fitzpatrick Grand Central,East 44th St btwn Lexington and Third Ave,(212) 351-6800,141 East 44th Street,New York,NY,10017,Manhattan,Midtown East - Between 34th and 59th on East Side,,40.7527,-73.97445
28537,Fitzpatrick Manhattan,Lexington Ave btw 56th and 57th St,(212) 355-0100,687 Lexington Avenue,New York,NY,10022,Manhattan,Midtown East - Between 34th and 59th on East Side,,40.76051,-73.96919
64376,Four Points by Sheraton Chelsea,West 25th St btwn Sixth and Seventh Ave,(212) 627-1888,160 West 25th Street,New York,NY,10001,,,,40.74498,-73.99423
28522,Four Seasons,East 57th St btwn Madison and Park Ave,(212) 758-5700,57 East 57th Street,New York,NY,10022,Manhattan,Midtown East - Between 34th and 59th on East Side,Four Seasons,40.76239,-73.97103
49663,Four Seasons New York Downtown,,(866) 920-5131,27 Barclay Street,New York,NY,10007,Manhattan,Below Canal,Four Seasons,40.71284,-74.00899
28474,Franklin,East 87th St btwn Lexington and Third Ave,(212) 369-1000,164 East 87th Street,New York,NY,10128,Manhattan,Upper East Side - Above 59th on East Side,Denihan,40.77974,-73.95451
49668,Freehand,Lexington Ave btwn East 23rd and 24th St,(212) 475-1925,23 Lexington Avenue,New York,NY,10010,Manhattan,Between 14th and 34th,,40.73977,-73.98429
28552,Gallivant Times Square,West 48th St btwn Seventh and Eighth Ave,(212) 246-8800,234 West 48th Street,New York,NY,10036,Manhattan,Midtown West - Between 34th and 59th on West Side,Wyndham,40.76055,-73.98635
38766,Garden Inn &amp; Suites,Baisley Ave at 129 Ave,(718) 581-5380,151-20 Baisley Boulevard,Queens,NY,11434,Queens,JFK Airport,,40.66782,-73.78635
28434,Gideon Putnam,,(518) 226-4722,24 Gideon Putnam Road,Saratoga Springs,NY,12866,New York State Capital Region,Saratoga,,43.05713,-73.79807
49649,Gild Hall,Gold Street btwn Liberty and Platt St,(212) 232-7700,15 Gold Street,New York,NY,10038,Manhattan,Below Canal,,40.70788,-74.00713
28583,Gramercy Park,Lexington Ave btwn Gramercy Park North and East 22nd St,(212) 920-3300,2 Lexington Avenue,New York,NY,10010,Manhattan,Between 14th and 34th,,40.73864,-73.98573
28511,Grand Hyatt,Park Ave at Grand Central,(212) 883-1234,109 East 42nd Street,New York,NY,10017,Manhattan,Midtown East - Between 34th and 59th on East Side,Hyatt,40.75206,-73.9763
64382,Greenwich,Greenwich btwn Franklin and North Moore St,(212) 941-8900,377 Greenwich Street,New York,NY,10013,,,,40.71985,-74.00985
28601,Gregory,West 35th St btwn Fifth and Sixth Ave,(212) 947-0200,42 West 35th Street,New York,NY,10001,Manhattan,Midtown West - Between 34th and 59th on West Side,Choice,40.74978,-73.98604
64388,Hampton Inn Brookhaven,,(631) 732-7300,2000 North Ocean Avenue,Farmingville,NY,11738,,,Hilton,40.82448,-73.0218
28652,Hampton Inn Suites Mahwah,,(201) 828-2031,290 NJ-17,Mahwah,NJ,7430,New Jersey,Northern New Jersey,,41.08948,-74.15367
28496,Hampton Inn Times Square North,Eighth Avenue btwn West 51st and 52nd St,(212) 581-4100,851 Eighth Avenue,New York,NY,10019,Manhattan,Midtown West - Between 34th and 59th on West Side,Hilton,40.76328,-73.98566
28455,Heldrich Hotel &amp; Conference Center,,(732) 729-4670,10 Livingston Avenue,New Brunswick,NJ,8901,New Jersey,Central New Jersey,,40.493,-74.44418
64404,High Line,Tenth Avenue between 20th Street/21st Street,(212) 929-3888,180 Tenth Avenue,New York,NY,10011,,,,40.74599,-74.00454
28429,Hilton Albany,,(518) 462-6611,40 Lodge Street,Albany,NY,12207,New York State Capital Region,Albany,Hilton,42.65076,-73.753
28446,Hilton East Brunswick,,(732) 828-2000,3 Tower Center Boulevard,East Brunswick,NJ,8816,New Jersey,Central New Jersey,Hilton,40.48004,-74.40878
28606,Hilton Fashion District,,(212) 858-5888,152 West 26th Street,New York,NY,10001,Manhattan,Between 14th and 34th,Hilton,40.74554,-73.99378
28605,Hilton Garden Inn 35th Street,,(212) 609-1030,63 West 35th Street,New York,NY,10001,Manhattan,Midtown West - Between 34th and 59th on West Side,Hilton,40.75041,-73.98647
28641,Hilton Garden Inn Chelsea,West 28th St btwn Sixth and Seventh Ave,(212) 564-2181,121 West 28th Street,New York,NY,10001,Manhattan,Between 14th and 34th,,40.74663,-73.99143
64402,Hilton Garden Inn Ridgefield Park,,(201) 641-2024,70 Challenger Rd,Ridgefield Park,NJ,7660,,,,40.85194,-74.01376
28495,Hilton Garden Inn Times Square,Eighth Ave btwn West 48th and 49th St,(212) 581-7000,790 Eighth Avenue,New York,NY,10019,Manhattan,Midtown West - Between 34th and 59th on West Side,Hilton,40.76112,-73.98672
28656,Hilton Garden Inn Times Square Central,,(212) 840-9600,136 West 42nd Street,New York,NY,10036,Manhattan,Midtown West - Between 34th and 59th on West Side,Hilton,40.75523,-73.98573
28449,Hilton Hasbrouck Heights,,(201) 288-6100,650 Terrace Avenue,Hasbrouck Heights,NJ,7604,New Jersey,Northern New Jersey,Hilton,40.87138,-74.06187
64375,Hilton JFK Airport,One hundred thirty fifth Ave btwn 143rd and 145 St,(718) 659-0200,14402 135th Avenue,Jamaica,NY,11436,,,,40.66746,-73.7957
28445,Hilton Meadowlands,,(201) 896-0500,2 Meadowlands Plaza,East Rutherford,NJ,7073,New Jersey,Northern New Jersey,,40.80515,-74.07875
49660,Hilton Newark Airport,,(908) 351-3900,1170 Spring Street,Elizabeth,NJ,7201,New Jersey,Northern New Jersey,,40.68732,-74.1939
28450,Hilton Short Hills,,(973) 379-0100,41 John F. Kennedy Parkway,Short Hills,NJ,7078,New Jersey,Northern New Jersey,Hilton,40.74294,-74.36648
28549,Hilton Times Square,West 42nd St btwn Seventh and Eighth Ave,(212) 840-8222,234 West 42nd Street,New York,NY,10036,Manhattan,Midtown West - Between 34th and 59th on West Side,Hilton,40.75643,-73.98883
28428,Hilton Westchester,,(914) 939-6300,699 Westchester Avenue,Rye Brook,NY,10573,Westchester,Westchester,Hilton,41.00977,-73.68834
28435,Holiday Inn Express Albany Downtown,,(518) 434-4111,300 Broadway Avenue,Albany,NY,12207,New York State Capital Region,Albany,InterContinental,42.64546,-73.75029
28440,Holiday Inn LGA,114th St btwn 37th and 38th St,(718) 651-2100,37-10 114th Street,Queens,NY,11368,Queens,LaGuardia Airport,InterContinental,40.75453,-73.85418
28458,Holiday Inn Newark,,(973) 242-0900,450 US Hwy 1 &amp; 9,Newark,NJ,7114,New Jersey,Northern New Jersey,InterContinental,40.69908,-74.18784
28461,Holiday Inn Secaucus-Meadowlands,,(201) 348-2000,300 Plaza Drive,Secaucus,NJ,7094,New Jersey,Northern New Jersey,InterContinental,40.78657,-74.04424
28598,Hotel @ Fifth Avenue,West 32nd St btwn Broadway and Fifth Ave,(212) 736-1600,17 West 32nd Street,New York,NY,10001,Manhattan,Between 14th and 34th,La Quinta,40.74782,-73.98652
28556,Hotel at Times Square,West 56th St btwn fifth and sixth Ave,(212) 719-2300,59 West 46th Street,New York,NY,10036,Manhattan,Midtown West - Between 34th and 59th on West Side,,40.75719,-73.98125
28609,Hotel Manhattan Bridge,,(212) 925-1212,61-63 Chrystie Street,New York,NY,10002,Manhattan,Between Canal and 14th,Choice,40.71668,-73.99494
28484,Hudson,West 58th St btwn Seventh and Eighth Ave,(212) 554-6000,358 West 58th Street,New York,NY,10019,Manhattan,Midtown West - Between 34th and 59th on West Side,Morgans,40.76821,-73.98466
28644,Hyatt Centric Times Square New York,,(646) 364-1234,135 West 45th Street,New York,NY,10036,Manhattan,Midtown West - Between 34th and 59th on West Side,,40.75753,-73.98406
57050,Hyatt Place Fair Lawn Paramus,,(201) 475-3888,4101 Broadway,Fair Lawn,NJ,7410,New Jersey,Northern New Jersey,Hyatt,40.9262,-74.09306
28638,Hyatt Regency Jersey City,,(201) 469-1234,2 Exchange Place,Jersey City,NJ,7302,New Jersey,Northern New Jersey,,40.71715,-74.03176
38768,Hyatt Regency Morristown,,(973) 898-9100,3 Speedwell Avenue,Morristown,NJ,7960,New Jersey,Northern New Jersey,Hyatt,40.79972,-74.48094
57051,Hyatt Regency New Brunswick,,(732) 873-1234,2 Albany St,New Brunswick,NJ,8901,New Jersey,Central New Jersey,Hyatt,40.4964,-74.44118
28578,Iberostar 70 Park Avenue,Park Avenue btwn East 38th and 39th streets,(212) 973-2466,70 Park Avenue,New York,NY,10016,Manhattan,Midtown East - Between 34th and 59th on East Side,Kimpton,40.74999,-73.97973
38765,Indigo LES,,(212) 237-1776,171 Ludlow Street,New York,NY,10002,Manhattan,Between Canal and 14th,IHG,40.72175,-73.98785
28570,Ink 48,,(212) 757-0088,653 Eleventh Avenue,New York,NY,10036,Manhattan,Midtown West - Between 34th and 59th on West Side,Kimpton,40.76458,-73.99595
28518,InterContinental Barclay,East 48th St btwn Park and Lexington Ave,(212) 755-5900,111 East 48th Street,New York,NY,10017,Manhattan,Midtown East - Between 34th and 59th on East Side,InterContinental,40.75564,-73.9735
28571,InterContinental Times Square,,(212) 803-4500,300 West 44th Street,New York,NY,10036,Manhattan,Midtown West - Between 34th and 59th on West Side,InterContinental,40.75866,-73.98954
28563,Iroquois,West 44th St btwn Fifth and Sixth Ave,(212) 840-3080,49 West 44th Street,New York,NY,10036,Manhattan,Midtown West - Between 34th and 59th on West Side,,40.75588,-73.98196
64403,JakeÕs 58 Hotel &amp; Casino,,(631) 232-3000,3635 Express Dr N,Islandia,NY,11749,,,,40.81049,-73.16603
28573,James NoMad,Madison Avenue btw East 28th and 29th Streets,(212) 532-4100,88 Madison Avenue,New York,NY,10016,Manhattan,Between 14th and 34th,Marriott,40.74444,-73.98578
28614,James SoHo,,(212) 465-2000,27 Grand Street,New York,NY,10013,Manhattan,Between Canal and 14th,Denihan,40.72271,-74.00475
64393,Jewel Facing Rockefeller Center,,(212) 863-0550,11 West 51 Street,New York,NY,10019,,,,40.75979,-73.97764
28576,Jolly Madison Towers,East 38th St btwn Madison and Park Ave,(212) 802-0600,22 East 38th Street,New York,NY,10016,Manhattan,Midtown East - Between 34th and 59th on East Side,,40.75003,-73.98095
28491,JW Marriott Essex House,Central Park South btwn Sixth and Seventh Ave,(212) 247-0300,160 Central Park South,New York,NY,10019,Manhattan,Midtown West - Between 34th and 59th on West Side,,40.76602,-73.97865
28634,Kew Motor Inn,Grand Central Pkwy btwn 141 St and Charter Rd,(718) 969-3000,13901 Grand Central Parkway,Queens,NY,11435,Queens,JFK Airport,,40.71701,-73.81858
28557,Kimpton Muse,West 46th St btwn Sixth and Seventh Ave,(212) 485-2400,130 West 46th Street,New York,NY,10036,Manhattan,Midtown West - Between 34th and 59th on West Side,Kimpton,40.7578,-73.98379
28584,Kitano,Park Avenue btwn East 37th and East 38th St,(212) 885-7000,66 Park Avenue,New York,NY,10016,Manhattan,Midtown East - Between 34th and 59th on East Side,Preferred,40.74961,-73.97993
28646,Knickerbocker Hotel,,(212) 354-2988,1466 Broadway,New York,NY,10036,Manhattan,Midtown West - Between 34th and 59th on West Side,,40.75549,-73.98617
64400,La Quinta Inn &amp; Suites Clifton,,(973) 778-6500,265 Route 3 East,Clifton,NJ,7014,,,,40.8304,-74.1395
57058,La Quinta Inn &amp; Suites Fairfield,,(973) 575-1742,38 Two Bridges Rd,Fairfield,NJ,7004,New Jersey,Northern New Jersey,,40.89289,-74.27178
49652,La Quinta Inn &amp; Suites Secaucus Meadowlands,,(201) 863-8700,350 Route 3 W,Secaucus,NJ,7094,New Jersey,Northern New Jersey,,40.7899,-74.0498
28632,Le Meridien Central Park,,(212) 830-8000,120 W. 57th Street,New York,NY,10019,Manhattan,Upper East Side - Above 59th on East Side,Viceroy,40.76452,-73.97846
28516,Lexington,Lexington Ave btwn Lexington and 48th St,(212) 755-4400,511 Lexington Avenue,New York,NY,10017,Manhattan,Midtown East - Between 34th and 59th on East Side,Marriott,40.75488,-73.97329
28603,Life Hotel,West 31st St btwn Fifth and Broadway,(212) 615-9900,19 West 31st Street,New York,NY,10001,Manhattan,Between 14th and 34th,,40.74723,-73.98698
28630,Loews Regency,Park Ave btwn East 61st and 62nd St,(212) 759-4100,540 Park Avenue,New York,NY,10065,Manhattan,Upper East Side - Above 59th on East Side,,40.76457,-73.96901
28535,Lombardy,East 56th St btwn Park and Lexington Ave,(212) 753-8600,111 East 56th Street,New York,NY,10022,Manhattan,Midtown East - Between 34th and 59th on East Side,Preferred,40.76077,-73.97053
64398,Long Island Marriott,,(516) 794-3800,101 James Doolittle Boulevard,Uniondale,NY,11553,,,,40.72339,-73.58757
28513,Lotte Palace,Madison btwn 50th and 51st,(212) 888-7000,455 Madison Avenue,New York,NY,10022,Manhattan,Midtown East - Between 34th and 59th on East Side,,40.75819,-73.97499
28473,Lowell,East 63rd St btwn Madison and Park Ave,(212) 838-1400,28 East 63rd Street,New York,NY,10065,Manhattan,Upper East Side - Above 59th on East Side,,40.7657,-73.96921
28463,Lucerne,West 79th St btwn Amsterdam Ave and Broadway,(212) 875-1000,201 West 79th Street,New York,NY,10024,Manhattan,Upper West Side - Above 59th on West Side,Empire,40.78343,-73.9785
28653,Ludlow,,(212) 432-1818,180 Ludlow Street,New York,NY,10002,Manhattan,Between Canal and 14th,,40.72186,-73.98721
28475,Mandarin Oriental,Columbus Circle at 60th St,(212) 805-8800,80 Columbus Circle,New York,NY,10023,Manhattan,Midtown West - Between 34th and 59th on West Side,Mandarin Oriental,40.76908,-73.98295
28487,Manhattan at Times Square,Seventh Ave btwn West 51st and 52nd St,(212) 581-3300,790 Seventh Avenue,New York,NY,10019,Manhattan,Midtown West - Between 34th and 59th on West Side,Starwood,40.76208,-73.98285
28562,Mansfield,West 44th St btwn Fifth and Sixth Ave,(212) 944-6050,12 West 44th Street,New York,NY,10036,Manhattan,Midtown West - Between 34th and 59th on West Side,Denihan,40.75508,-73.98106
64377,Maritime,West 16th St btwn West 16th and 17th St,212 242 4300,363 West 16th Street,New York,NY,10011,,,,40.74244,-74.00398
28468,Mark,East 77th St btwn Madison and Fifth Ave,(212) 744-4300,25 East 77th Street,New York,NY,10075,Manhattan,Upper East Side - Above 59th on East Side,Preferred,40.77527,-73.9634
64405,Marlton,,(212) 321-0100,5 West 8th Street,New York,NY,10011,,,,40.73265,-73.99681
28444,Marriott Brooklyn Bridge,Adams St btwn Johnson and Willouby St,(718) 246-7000,333 Adams Street,Brooklyn,NY,11201,Brooklyn,Brooklyn,Marriott,40.69363,-73.98809
28519,Marriott East Side,Lexington Ave btwn East 48th and 49th St,(212) 755-4000,525 Lexington Avenue,New York,NY,10017,Manhattan,Midtown East - Between 34th and 59th on East Side,Marriott,40.7554,-73.97263
49667,Marriott Westchester,,(914) 631-2200,670 White Plains Road,Tarrytown,NY,10591,Westchester,Westchester,,41.05918,-73.83253
28596,Martinique New York on Broadway,West 32nd St btwn Fifth and Broadway,(212) 736-3800,49 West 32nd Street,New York,NY,10001,Manhattan,Between 14th and 34th,Carlson,40.74827,-73.98786
28593,MAve,,(212) 532-7373,62 Madison Avenue,New York,NY,10016,Manhattan,Between 14th and 34th,,40.74357,-73.98626
28517,Maxwell Hotel,Lexington Ave btwn East 49th and 50th St,(212) 755-1200,541 Lexington Avenue,New York,NY,10022,Manhattan,Midtown East - Between 34th and 59th on East Side,Starwood,40.75614,-73.97207
28454,Meadowlands View,,(201) 348-3600,2750 Tonnelle Avenue,North Bergen,NJ,7047,New Jersey,Northern New Jersey,Wyndham,40.77401,-74.04088
28568,Mela,West 44th St btwn Broadway and Sixth Ave,(212) 710-7000,120 West 44th Street,New York,NY,10036,Manhattan,Midtown West - Between 34th and 59th on West Side,,40.75641,-73.98434
28503,Michelangelo,West 51st St btwn Sixth and Seventh Ave,(212) 765-1900,152 West 51st Street,New York,NY,10019,Manhattan,Midtown West - Between 34th and 59th on West Side,Preferred,40.76146,-73.98259
28564,Midtown Convention Center,West 38th St btwn Tenth Ave and Amtrak RR,(212) 405-1700,522 West 38th Street,New York,NY,10018,Manhattan,Midtown West - Between 34th and 59th on West Side,Best Western,40.75746,-73.9986
28478,Milburn,West 76th St btwn Seventh and Eighth Ave,(212) 362-1006,242 West 76th Street,New York,NY,10023,Manhattan,Upper West Side - Above 59th on West Side,,40.78191,-73.98191
28544,Millennium Broadway,West 44th St btwn Sixth Ave and Broadway,(212) 768-4400,145 West 44th Street,New York,NY,10036,Manhattan,Midtown West - Between 34th and 59th on West Side,,40.75705,-73.98475
28615,Millennium Hilton,Church btwn Vesey and Fulton streets,(212) 693-2001,55 Church Street,New York,NY,10007,Manhattan,Below Canal,Hilton,40.71116,-74.01034
28520,Millennium Hilton One UN Plaza,United Nations Plaza btwn First and Second Ave,(212) 758-1234,1 United Nations Plaza,New York,NY,10017,Manhattan,Midtown East - Between 34th and 59th on East Side,,40.7504,-73.96905
28655,New York Edition,,(212) 413-4200,5 Madison Avenue,New York,NY,10010,Manhattan,Between 14th and 34th,Marriott,40.74128,-73.98737
28481,New York Hilton,Sixth Ave btwn 53rd and 54th,(212) 586-7000,1335 Avenue of the Americas,New York,NY,10019,Manhattan,Midtown West - Between 34th and 59th on West Side,Hilton,40.76229,-73.97979
28566,Night Hotel by SB at Times Square,West 45th St btwn Sixth and Seventh Ave,(212) 835-9600,132 West 45th Street,New York,NY,10036,Manhattan,Midtown West - Between 34th and 59th on West Side,Wyndham,40.7572,-73.98443
28613,NoMo SoHo,,(212) 389-1000,9 Crosby Street,New York,NY,10013,Manhattan,Between Canal and 14th,Morgans,40.7198,-74.00004
28493,Novotel,West 52nd btwn West 51st and 52nd St,(212) 315-0100,226 West 52nd Street,New York,NY,10019,Manhattan,Midtown West - Between 34th and 59th on West Side,Accor,40.76268,-73.9837
28565,NYCASA 46,West 46th St btwn Sixth and Seventh Ave,(212) 221-2600,129 West 46th Street,New York,NY,10036,Manhattan,Midtown West - Between 34th and 59th on West Side,,40.75812,-73.98344
28599,Nyma,West 32nd St btwn Broadway and Fifth Ave,(212) 643-7100,6 West 32nd Street,New York,NY,10001,Manhattan,Between 14th and 34th,,40.74722,-73.98639
64396,NYRA,,(718) 641-4700,11000 Rockaway Blvd.,Jamaica,NY,11420,,,,40.67168,-73.83345
28521,Omni Berkshire Place,East 52nd St btwn Madison and Fifth Ave,(212) 753-5800,21 East 52nd Street,New York,NY,10022,Manhattan,Midtown East - Between 34th and 59th on East Side,Omni,40.75939,-73.97491
28560,OYO Times Square,West 47th St btwn Sixth and Seventh Ave,(212) 768-3700,157 West 47th Street,New York,NY,10036,Manhattan,Midtown West - Between 34th and 59th on West Side,Wyndham,40.75913,-73.98377
28546,Paramount,West 46th St btwn Broadway and Eighth Ave,(212) 764-5500,235 West 46th Street,New York,NY,10036,Manhattan,Midtown West - Between 34th and 59th on West Side,,40.75963,-73.98731
28483,Park Central,Seventh Ave btwn 56th and 57th,(212) 247-8000,870 Seventh Avenue,New York,NY,10019,Manhattan,Midtown West - Between 34th and 59th on West Side,,40.76469,-73.98122
28645,Park Hyatt,,(646) 774-1234,153 W 57th Street,New York,NY,10019,Manhattan,Midtown West - Between 34th and 59th on West Side,Hyatt,40.76553,-73.97901
28489,Park Lane,Central Park South btwn Grand Army Plaza and Sixth Ave,(212) 371-4000,36 Central Park South,New York,NY,10019,Manhattan,Midtown West - Between 34th and 59th on West Side,Preferred,40.76462,-73.97534
28650,Park South,East 28th St btwn Park Avenue South and Lexington Ave,(212) 448-0888,124 East 28th Street,New York,NY,10016,Manhattan,Between 14th and 34th,,40.74279,-73.98306
28486,Parker New York,West 57th btwn Sixth and Seventh Ave,(212) 245-5000,119 West 56th Street,New York,NY,10019,Manhattan,Midtown West - Between 34th and 59th on West Side,Starwood,40.76419,-73.9785
28636,Pearl,,(800) 801-3457,233 West 49th Street,New York,NY,10019,Manhattan,Midtown West - Between 34th and 59th on West Side,,40.76144,-73.98553
28498,Peninsula,Fifth Ave btwn East 54th and 55th St,(212) 956-2888,700 Fifth Avenue,New York,NY,10019,Manhattan,Midtown East - Between 34th and 59th on East Side,Peninsula,40.76162,-73.97547
28594,Pennsylvania,Seventh Ave btwn 32nd and 33rd,(212) 736-5000,401 Seventh Avenue,New York,NY,10001,Manhattan,Between 14th and 34th,,40.7499,-73.99104
28466,Pierre,East 61st St btwn Fifth and Madison Ave,(212) 838-8000,2 East 61st Street,New York,NY,10065,Manhattan,Upper East Side - Above 59th on East Side,,40.76518,-73.97189
28508,Plaza,Fifth Ave btwn West 58th and 59th St,(212) 759-3000,768 Fifth Avenue,New York,NY,10019,Manhattan,Midtown East - Between 34th and 59th on East Side,,40.76461,-73.97435
28469,Plaza Athenee,East 64th St btwn Madison and Park Ave,(212) 734-9100,37 East 64th Street,New York,NY,10065,Manhattan,Upper East Side - Above 59th on East Side,,40.7666,-73.96834
28637,Pod 39,,(212) 865-5700,145 East 39th Street,New York,NY,10016,Manhattan,Midtown East - Between 34th and 59th on East Side,,40.74936,-73.97654
28523,Pod 51,East 51st St btwn Second and Third Avenue,(212) 355-0300,230 East 51st Street,New York,NY,10022,Manhattan,Midtown East - Between 34th and 59th on East Side,,40.7557,-73.96916
64419,Pod Times Square,,(855) 763-7666,400 West 42nd Street,New York,NY,10036,,,,40.7584,-73.99308
64415,PUBLIC Hotel,,,215 Chrystie Street,New York,NY,10002,,,,40.72311,-73.99209
28623,Quin Central Park by Hilton Club,West 57th St btwn Sixth and Seventh Ave,(212) 245-7846,101 West 57th Street,New York,NY,10019,Manhattan,Midtown East - Between 34th and 59th on East Side,,40.76464,-73.97724
28443,Radisson JFK,140th St at One hundred thirty fifth Ave,(718) 322-2300,13530 140th Street,Queens,NY,11436,Queens,JFK Airport,Carlson,40.66732,-73.79848
64385,Radisson Wall Street,,(212) 269-6400,52 William Street,New York,NY,10005,,,,40.70671,-74.00892
28432,Ramada Plaza Albany,,(518) 438-8431,3 Watervliet Avenue Ext.,Albany,NY,12206,New York State Capital Region,Albany,Wyndham,42.6805,-73.78324
28574,Redbury,East 30th St btwn Madison Ave and Park Ave South,(212) 689-1900,29 East 29th Street,New York,NY,10016,Manhattan,Between 14th and 34th,,40.7426,-73.9804
28524,Renaissance 57,East 57th St btwn Park and Lexington Ave,(212) 753-8841,130 East 57th Street,New York,NY,10022,Manhattan,Midtown East - Between 34th and 59th on East Side,Marriott,40.7608,-73.96942
49664,Renaissance Albany,,(518) 992-2500,144 State Street,Albany,NY,12207,New York State Capital Region,Albany,Marriott,42.65087,-73.75551
64401,Renaissance Newark Airport,,(908) 436-4600,1000 Spring St,Elizabeth,NJ,7201,,,,40.68357,-74.19418
28554,Renaissance Times Square,Seventh Ave btwn 47th and 48th St,(212) 765-7676,714 Seventh Avenue,New York,NY,10036,Manhattan,Midtown West - Between 34th and 59th on West Side,Marriott,40.75962,-73.98468
28628,Renaissance Westchester,,(914) 694-5400,80 West Red Oak Lane,White Plains,NY,10604,Westchester,Westchester,Marriott,41.01718,-73.7178
28585,Renwick,East 40th St btwn Lexington and Park Ave,(212) 697-4800,118 East 40th Street,New York,NY,10016,Manhattan,Midtown East - Between 34th and 59th on East Side,,40.75019,-73.97754
57053,Residence Inn Manhattan/World Trade Center,,(212) 600-8900,170 Broadway,New York,NY,10007,Manhattan,Below Canal,Marriott,40.70957,-74.00973
49650,Residence Inn Newark Elizabeth Liberty Inter,,(908) 352-4300,83 Glimcher Realty Way,Elizabeth,NJ,7201,New Jersey,Northern New Jersey,,40.66334,-74.17785
28551,Residence Inn Times Square,Sixth Ave btwn 38th and 39th St,(212) 768-0007,1033 Avenue of the Americas,New York,NY,10018,Manhattan,Midtown West - Between 34th and 59th on West Side,Marriott,40.75286,-73.986
64427,Residence Inn Weehawken,,,100 Ferry Way,Weehawken,NJ,7086,,,,40.77541,-74.01114
49669,Residence Inn White Plains Westchester County,,(914) 761-7700,5 Barker Avenue,White Plains,NY,10601,Westchester,Westchester,,41.03529,-73.77009
64395,Resorts World Casino NYC,,(718) 215-2828,11000 Rockaway Boulevard,Jamaica,NY,11420,,,,40.67168,-73.83345
64413,Resorts World Catskills,,(833) 586-9358,888 Resorts World Drive,Monticello,NY,12701,,,,41.65883,-74.64919
28497,Ritz-Carlton Central Park,Central Park South btwn Grand Army Plaza and Sixth Ave,(212) 308-9100,50 Central Park South,New York,NY,10019,Manhattan,Midtown West - Between 34th and 59th on West Side,Marriott,40.76533,-73.97609
28621,Ritz-Carlton Westchester,,(914) 946-5500,3 Renaissance Square,White Plains,NY,10601,Westchester,Westchester,Marriott,41.03295,-73.76737
64412,Rivers Casino &amp; Resort Schenectady,,(518) 579-8800,1 Rush Street,Schenectady,NY,12305,,,,42.82399,-73.93516
28581,Roger,Madison at Fifth Ave,(212) 448-7000,131 Madison Avenue,New York,NY,10016,Manhattan,Between 14th and 34th,,40.74561,-73.98414
28534,Roger Smith,Lexington Ave btwn East 47th and 48th St,(212) 755-1400,501 Lexington Avenue,New York,NY,10017,Manhattan,Midtown East - Between 34th and 59th on East Side,,40.75469,-73.97342
28512,Roosevelt,East 45th St btwn Madison and Vanderbilt,(212) 661-9600,45 East 45th Street,New York,NY,10017,Manhattan,Midtown East - Between 34th and 59th on East Side,,40.75338,-73.97467
28541,Row NYC,West 45th St btwn Seventh and Eighth Avenues,(212) 869-3600,700 Eighth Avenue,New York,NY,10036,Manhattan,Midtown West - Between 34th and 59th on West Side,,40.75871,-73.98828
28558,Royalton,West 44th St btwn Fifth and Sixth Ave,(212) 869-4400,44 West 44th Street,New York,NY,10036,Manhattan,Midtown West - Between 34th and 59th on West Side,Morgans,40.75895,-73.98983
57055,Royalton Park Avenue,Located on the corner of 29th St. and Park Ave. South,212-317-2900,420 Park Avenue South,New York,NY,10016,Manhattan,Between 14th and 34th,,40.74392,-73.9842
28533,San Carlos,East 50th St btwn Lexington and Third Ave,(212) 755-1800,150 East 50th Street,New York,NY,10022,Manhattan,Midtown East - Between 34th and 59th on East Side,,40.75591,-73.97157
28561,Sanctuary,West 47th St btwn Sixth and Seventh Ave,(212) 382-0600,132 West 47th Street,New York,NY,10036,Manhattan,Midtown West - Between 34th and 59th on West Side,,40.75841,-73.98331
38771,Saratoga Casino Hotel,,(518) 584-2110,342 Jefferson Street,Saratoga Springs,NY,12866,New York State Capital Region,Saratoga,,43.06185,-73.775
28431,Saratoga Hilton,,(518) 584-4000,534 Broadway,Saratoga Springs,NY,12866,New York State Capital Region,Saratoga,Hilton,43.08563,-73.78332
28452,Sheraton Edison Raritan Center,,(732) 225-8300,125 Raritan Center Parkway,Edison,NJ,8837,New Jersey,Central New Jersey,Starwood,40.51933,-74.34088
28456,Sheraton Mahwah,,(800) 398-1943,"1 International Boulevard,  Route 17 North,  Suite 100",Mahwah,NJ,7495,New Jersey,Northern New Jersey,Starwood,41.10452,-74.16055
28482,Sheraton New York Times Square,Seventh Ave btwn 52nd and 53rd,(212) 581-1000,811 Seventh Avenue,New York,NY,10019,Manhattan,Midtown West - Between 34th and 59th on West Side,Starwood,40.7625,-73.98126
28624,Sheraton Parsippany,,(973) 515-2000,199 Smith Road,Parsippany,NJ,7054,New Jersey,Northern New Jersey,Starwood,40.86198,-74.41244
28448,Sheraton Suites at Lincoln Harbor,,(201) 617-5600,500 Harbor Boulevard,Weehawken,NJ,7086,New Jersey,Northern New Jersey,Starwood,40.75883,-74.02372
28538,Sherry Netherland,Fifth Ave btwn East 59th and 60th St,(212) 355-2800,781 Fifth Avenue,New York,NY,10022,Manhattan,Upper East Side - Above 59th on East Side,Preferred,40.76432,-73.97252
28504,Shoreham,West 55th St btw Fifth and Sixth Avenues,(212) 247-6700,33 West 55th Street,New York,NY,10019,Manhattan,Midtown West - Between 34th and 59th on West Side,Denihan,40.76251,-73.97637
64428,Sister City,,(646) 343-4500,225 Bowery,New York,NY,10002,,,,40.72186,-73.99278
28499,Skyline,Tenth Avenue btwn West 49th and 50th St,(212) 586-3400,725 Tenth Avenue,New York,NY,10019,Manhattan,Midtown West - Between 34th and 59th on West Side,,40.76439,-73.99223
28550,Sofitel,West 44th St btwn Fifth and Sixth Ave,(212) 354-8844,45 West 44th Street,New York,NY,10036,Manhattan,Midtown West - Between 34th and 59th on West Side,Accor,40.75601,-73.98158
64383,Soho 54,Watts street btwn Sixth Avenue and Varick Street,(212) 226-6288,54 Watts Street,New York,NY,10013,,,,40.72388,-74.00525
64397,Sonesta ES Suites Parsippany,,(973) 334-2907,61 Interpace Pkway,Parsippany,NJ,7054,,,,40.8686,-74.44061
64391,SpringHill Suites Brookhaven,,(631) 924-0090,2 Sawgrass Drive,Bellport,NY,11713,,,,40.80869,-72.94878
28639,Springhill Suites Midtown,,(212) 391-2225,25 West 37th St,New York,NY,10018,Manhattan,Midtown West - Between 34th and 59th on West Side,,40.75123,-73.98468
28640,Springhill Suites Newark Liberty International Airport,,(973) 624-5300,652 US Hwy 1,Newark,NJ,7114,New Jersey,Northern New Jersey,,40.70941,-74.16996
28526,St. Regis,East 55th St btwn Fifth and Madison Ave,(212) 753-4500,2 East 55th Street,New York,NY,10022,Manhattan,Midtown East - Between 34th and 59th on East Side,Starwood,40.7614,-73.97461
28602,Stanford,West 32nd St btwn Broadway and Fifth Ave,(212) 563-1480,43 West 32nd Street,New York,NY,10001,Manhattan,Between 14th and 34th,,40.7482,-73.98746
28597,Stewart Hotel,Seventh Ave btwn West 30th and West 31st St,(212) 563-1800,371 Seventh Avenue,New York,NY,10001,Manhattan,Between 14th and 34th,Denihan,40.74881,-73.99198
28470,Surrey,East 76th St btwn Fifth and Madison Ave,(212) 288-3700,20 East 76th Street,New York,NY,10021,Manhattan,Upper East Side - Above 59th on East Side,Denihan,40.77449,-73.9641
28590,The Hotel @ New York City,Lexington Ave btwn East 30th and 31st Street,(212) 545-1800,161 Lexington Avenue,New York,NY,10016,Manhattan,Between 14th and 34th,Wyndham,40.7439,-73.9812
28586,The Tuscany,East 39th St btwn Park and Lexington Ave,(212) 686-1600,120 East 39th Street,New York,NY,10016,Manhattan,Midtown East - Between 34th and 59th on East Side,,40.74962,-73.97826
28502,Time,West 49th St btwn Broadway and Eighth Ave,(212) 246-5252,224 West 49th Street,New York,NY,10019,Manhattan,Midtown West - Between 34th and 59th on West Side,Preferred,40.76098,-73.98551
64426,Times Square Edition,,(212) 398-7017,20 Times Square,New York,NY,10036,,,,40.75915,-73.98416
28559,Travel Inn,West 42nd Street btwn Tenth and Eleventh Ave,(212) 695-7171,515 West 42nd Street,New York,NY,10036,Manhattan,Midtown West - Between 34th and 59th on West Side,,40.7603,-73.996
28477,Trump International Hotel &amp; Tower,Central Park West btwn Columbus Circle and West 61st St,(212) 299-1000,1 Central Park West,New York,NY,10023,Manhattan,Upper West Side - Above 59th on West Side,Preferred,40.76903,-73.98163
49666,TRYP Times Square South,,(212) 600-2440,345 West 35th Street,New York,NY,10001,Manhattan,Midtown West - Between 34th and 59th on West Side,Melia,40.75378,-73.99462
64430,TWA,"At JFK Airport, Terminal 5",,"Terminal 5, JFK Airport",Jamaica,NY,11430,,,,40.64581,-73.77529
28619,W Downtown,,(646) 826-8600,8 Albany St,New York,NY,10006,Manhattan,Below Canal,Starwood,40.7092,-74.01369
57057,W Hoboken,,(201) 253-2400,225 River Street,Hoboken,NJ,7030,New Jersey,Northern New Jersey,,40.73931,-74.02791
28547,W Times Square,Broadway at Eighth Ave,(212) 930-7400,1567 Broadway,New York,NY,10036,Manhattan,Midtown West - Between 34th and 59th on West Side,Starwood,40.75941,-73.98566
28608,W Union Square,Park Street btwn East 17th and 18th St,(212) 253-9119,201 Park Avenue South,New York,NY,10003,Manhattan,Between 14th and 34th,Starwood,40.73661,-73.98854
28617,Wagner,West St at 1st Place,(212) 344-0800,2 West Street,New York,NY,10004,Manhattan,Below Canal,Marriott,40.70565,-74.01746
28510,Waldorf=Astoria,Park Ave btwn 49th and 50th,(212) 355-3000,301 Park Avenue,New York,NY,10022,Manhattan,Midtown East - Between 34th and 59th on East Side,Hilton,40.75675,-73.97385
28494,Warwick,West 54th St btwn Fifth and Sixth Ave,(212) 247-2700,65 West 54th Street,New York,NY,10019,Manhattan,Midtown West - Between 34th and 59th on West Side,,40.7624,-73.97827
28505,Washington Jefferson,West 51st Ave btwn Eighth and Ninth Ave,(212) 246-7550,318 West 51st Street,New York,NY,10019,Manhattan,Midtown West - Between 34th and 59th on West Side,,40.76325,-73.98698
28600,Washington Square,Waverly Pl btwn Sixth Ave and Macdougal,(212) 777-9515,103 Waverly Place,New York,NY,10011,Manhattan,Between Canal and 14th,,40.73246,-73.99873
28490,Watson,West 57th St btwn Ninth and Tenth Ave,(212) 581-8100,440 West 57th Street,New York,NY,10019,Manhattan,Midtown West - Between 34th and 59th on West Side,InterContinental,40.76843,-73.98746
28488,Wellington,Seventh Ave btwn west 55th and 56th St,(212) 247-3900,871 Seventh Avenue,New York,NY,10019,Manhattan,Midtown West - Between 34th and 59th on West Side,,40.76448,-73.98055
28525,Westgate New York City,East 42nd St btwn Second Avenue and Tudor City Place,(212) 986-8800,304 East 42nd Street,New York,NY,10017,Manhattan,Midtown East - Between 34th and 59th on East Side,Hilton,40.74943,-73.97197
28627,WestHouse Hotel,,(212) 707-4888,201 W 55th Street,New York,NY,10019,Manhattan,Midtown West - Between 34th and 59th on West Side,,40.76451,-73.98142
28457,Westin Governor Morris,,(973) 539-7300,2 Whippany Road,Morristown,NJ,7960,New Jersey,Northern New Jersey,Starwood,40.79757,-74.4587
28514,Westin Grand Central,East 42nd St btwn Second and Third Ave,(212) 490-8900,212 East 42nd Street,New York,NY,10017,Manhattan,Midtown East - Between 34th and 59th on East Side,Starwood,40.75035,-73.97389
49662,Westin Jersey City Newport,,(201) 626-2900,479 Washington Boulevard,Jersey City,NJ,7310,New Jersey,Northern New Jersey,,40.72492,-74.03621
28542,Westin Times Square,West 43rd St. btwn Seventh and Eighth Ave,(212) 201-2700,270 West 43rd Street,New York,NY,10036,Manhattan,Midtown West - Between 34th and 59th on West Side,Starwood,40.75769,-73.9891
28604,Wingate Inn Midtown,West 35th St btwn Seventh and Eighth Ave,(212) 967-7500,235 West 35th Street,New York,NY,10001,Manhattan,Midtown West - Between 34th and 59th on West Side,Wyndham,40.75236,-73.99129
28447,Wyndham Garden Newark Airport,,(973) 824-4000,550 US Hwy 9/ Rt. 1 &amp; 9 South,Newark,NJ,7114,New Jersey,Northern New Jersey,Wyndham,40.70358,-74.18574
28651,Wyndham Hamilton Park Hotel and Conference Center,,(973) 377-2424,175 Park Ave,Florham Park,NJ,7932,New Jersey,Northern New Jersey,JW Marriot,40.77976,-74.43051
28595,Wyndham New Yorker,Eighth Ave btwn West 34th and 35th St,(212) 971-0101,481 Eighth Avenue,New York,NY,10001,Manhattan,Midtown West - Between 34th and 59th on West Side,,40.75267,-73.99356
28572,Yotel Times Square,Address is on the right when facing from West 41 St. to West 42 St.,(646) 449-7700,570 Tenth Avenue,New York,NY,10036,Manhattan,Midtown West - Between 34th and 59th on West Side,,40.75916,-73.99546
